[{"model": "employees.position", "pk": 1, "fields": {"name": "Front-end Developer", "level": "Junior", "market_salary": null}}, {"model": "employees.position", "pk": 2, "fields": {"name": "Front-end Developer", "level": "Senior", "market_salary": null}}, {"model": "employees.position", "pk": 3, "fields": {"name": "Back-end Developer", "level": "Junior", "market_salary": null}}, {"model": "employees.position", "pk": 4, "fields": {"name": "Back-end Developer", "level": "Senior", "market_salary": null}}, {"model": "employees.position", "pk": 5, "fields": {"name": "Project Manager", "level": "Junior", "market_salary": null}}, {"model": "employees.position", "pk": 6, "fields": {"name": "Project Manager", "level": "Senior", "market_salary": null}}, {"model": "employees.profile", "pk": 78, "fields": {"user": 53, "phone_number": "850 970 2358", "github_user": "lhillan0", "birth_date": "1995-04-01", "date_started": "2018-04-23", "gender": "F", "about_me": "Ham hock hamburger boudin ipsum bresaola landjaeger tenderloin pancetta duis.  Chuck tri-tip anim, beef ribs consequat enim pork belly.  Sint porchetta biltong jowl, pork esse ullamco pariatur laboris drumstick.  Nisi porchetta pig jerky reprehenderit aute sunt duis aliquip et tail tenderloin venison biltong culpa.  Aliqua ea short loin, turkey pastrami salami sunt meatball turducken ipsum magna shoulder elit pork.  Ham hock esse porchetta bacon, pork belly cillum turducken strip steak in fatback.  Qui rump irure, culpa shoulder filet mignon hamburger exercitation dolore spare ribs bresaola.", "race": "W", "picture_uri": "https://randomuser.me/api/portraits/women/0.jpg"}}, {"model": "employees.profile", "pk": 79, "fields": {"user": 54, "phone_number": "976 549 8420", "github_user": "mscamadin1", "birth_date": "1997-01-12", "date_started": "2018-04-23", "gender": "F", "about_me": "Meatloaf brisket turkey, excepteur magna hamburger deserunt esse.  Id pancetta aliqua ham nostrud excepteur minim.  Corned beef porchetta et, frankfurter beef ribs short ribs fugiat veniam ut sed shankle dolore.  Occaecat short loin prosciutto kielbasa incididunt.  Sausage frankfurter chuck cupidatat capicola shankle, ut cillum.  Chicken ullamco quis pancetta lorem.  Sausage ut commodo, spare ribs magna elit chicken flank.", "race": "I", "picture_uri": "https://randomuser.me/api/portraits/women/1.jpg"}}, {"model": "employees.profile", "pk": 80, "fields": {"user": 55, "phone_number": "149 392 4018", "github_user": "ejone2", "birth_date": "1985-10-11", "date_started": "2018-04-23", "gender": "M", "about_me": "Turducken shankle sint cupim, consequat tempor chuck.  Exercitation sirloin ut hamburger swine.  Ipsum commodo filet mignon cupidatat.  Adipisicing laborum shoulder, bresaola eu cupim aliqua corned beef meatloaf fugiat.", "race": "C", "picture_uri": "https://randomuser.me/api/portraits/men/2.jpg"}}, {"model": "employees.profile", "pk": 81, "fields": {"user": 56, "phone_number": "727 588 5947", "github_user": "jcausbey3", "birth_date": "1929-05-21", "date_started": "2018-04-23", "gender": "F", "about_me": "Dolor irure pork pig swine short ribs magna occaecat, excepteur sunt ullamco short loin tempor tri-tip.  Flank qui cupidatat lorem.  Cow corned beef aute, exercitation proident incididunt venison meatloaf velit do in bacon consectetur kielbasa cillum.  Consectetur pancetta et, sirloin pastrami chuck qui.  Excepteur pancetta alcatra deserunt, ball tip quis sirloin shoulder beef ribs.  Aute fatback tenderloin magna, jowl in meatloaf ham hock flank.  Bacon velit short loin cillum, sausage duis nostrud minim irure incididunt.", "race": "N", "picture_uri": "https://randomuser.me/api/portraits/women/3.jpg"}}, {"model": "employees.profile", "pk": 82, "fields": {"user": 57, "phone_number": "356 517 1092", "github_user": "cviggers4", "birth_date": "1997-01-21", "date_started": "2018-04-23", "gender": "F", "about_me": "Ball tip ad eiusmod dolore alcatra elit ham hock sirloin strip steak irure kevin corned beef minim.  Landjaeger lorem do drumstick ad aliquip eu.  Filet mignon tenderloin velit, ham hock meatloaf non pork chop flank landjaeger do eiusmod short loin salami adipisicing labore.  Culpa shankle ut rump aliquip eu tenderloin jerky.  Tenderloin prosciutto proident, beef ribs qui in shankle irure.  Tri-tip ut short loin short ribs mollit cillum strip steak doner, commodo bresaola cow id dolor pastrami.", "race": "B", "picture_uri": "https://randomuser.me/api/portraits/women/4.jpg"}}, {"model": "employees.profile", "pk": 83, "fields": {"user": 58, "phone_number": "827 425 5238", "github_user": "sadolf5", "birth_date": "1990-04-23", "date_started": "2018-04-23", "gender": "M", "about_me": "Incididunt pork belly ground round est ut pork chop laborum.  Do tempor qui consectetur pariatur alcatra.  Sint spare ribs jerky irure id ground round.  Kevin quis ut shankle nulla cow ground round, meatloaf in cupim tri-tip occaecat non duis.  Meatloaf swine chuck in velit pork salami brisket buffalo.  Ham hock venison tri-tip ad.", "race": "N", "picture_uri": "https://randomuser.me/api/portraits/men/5.jpg"}}, {"model": "employees.profile", "pk": 84, "fields": {"user": 59, "phone_number": "516 814 3208", "github_user": "fworsalls6", "birth_date": "1969-03-08", "date_started": "2018-04-23", "gender": "M", "about_me": "Fugiat proident nostrud, exercitation landjaeger pork chop flank consectetur qui voluptate.  Irure tenderloin consequat, culpa aliqua nostrud biltong sunt chicken adipisicing fugiat in venison landjaeger veniam.  Pork loin pancetta short ribs est doner sausage.  Adipisicing pastrami sunt spare ribs, rump short loin sausage nostrud id chuck capicola biltong drumstick pork chop pancetta.  Beef ribs sed minim ut tenderloin short loin est corned beef.", "race": "N", "picture_uri": "https://randomuser.me/api/portraits/men/6.jpg"}}, {"model": "employees.profile", "pk": 85, "fields": {"user": 60, "phone_number": "982 358 5645", "github_user": "lhentzer7", "birth_date": "1903-09-21", "date_started": "2018-04-23", "gender": "F", "about_me": "Tongue tri-tip filet mignon exercitation esse salami.  In frankfurter quis spare ribs pork pork chop shank.  Cupim sint laborum fatback, pig consectetur in.  Boudin prosciutto corned beef laborum dolor esse elit salami velit pork ball tip est.", "race": "N", "picture_uri": "https://randomuser.me/api/portraits/women/7.jpg"}}, {"model": "employees.profile", "pk": 86, "fields": {"user": 61, "phone_number": "906 650 8595", "github_user": "oferrao8", "birth_date": "1966-01-09", "date_started": "2018-04-23", "gender": "M", "about_me": "Shank culpa mollit tongue, sausage minim pork belly ex ground round jerky sunt alcatra nostrud.  Cupim buffalo ut labore chuck turkey.  Tenderloin ut chicken, aliquip nostrud ullamco incididunt voluptate.  Hamburger drumstick deserunt chuck nulla ribeye.", "race": "I", "picture_uri": "https://randomuser.me/api/portraits/men/8.jpg"}}, {"model": "employees.profile", "pk": 87, "fields": {"user": 62, "phone_number": "203 393 3176", "github_user": "bbatchelar9", "birth_date": "2001-01-27", "date_started": "2018-04-23", "gender": "F", "about_me": "Chuck pork pastrami kevin cupidatat.  Rump pariatur in, ullamco eiusmod ham andouille fatback do frankfurter tri-tip nisi t-bone.  Pork chop prosciutto sint jerky porchetta fatback aliqua nisi.  Pastrami turkey tempor proident kielbasa magna sint lorem.  Aliqua brisket eiusmod filet mignon andouille lorem culpa turducken porchetta tempor buffalo.", "race": "N", "picture_uri": "https://randomuser.me/api/portraits/women/9.jpg"}}, {"model": "employees.profile", "pk": 88, "fields": {"user": 63, "phone_number": "406 203 9971", "github_user": "jsoutena", "birth_date": "1937-07-05", "date_started": "2018-04-23", "gender": "M", "about_me": "Fugiat landjaeger shankle, flank picanha proident sirloin.  Tongue incididunt porchetta meatball, eiusmod alcatra t-bone ad labore ullamco.  Dolore tenderloin tongue, beef chicken short ribs ea deserunt boudin.  Strip steak chuck ipsum pork belly salami tail, sed ribeye cillum jowl bacon velit pork loin chicken.  Meatball ut incididunt, pork belly swine ad bacon et velit ut pariatur do ham.", "race": "B", "picture_uri": "https://randomuser.me/api/portraits/men/10.jpg"}}, {"model": "employees.profile", "pk": 89, "fields": {"user": 64, "phone_number": "487 352 1175", "github_user": "ecourtmanb", "birth_date": "1985-07-28", "date_started": "2018-04-23", "gender": "F", "about_me": "Picanha aute in ut, shankle tempor minim.  Anim corned beef landjaeger excepteur, sint pancetta buffalo occaecat ut in deserunt beef ribs.  Labore tongue tempor, bacon kielbasa laborum cow.  Filet mignon ground round buffalo ham hock duis burgdoggen sint.", "race": "I", "picture_uri": "https://randomuser.me/api/portraits/women/11.jpg"}}, {"model": "employees.profile", "pk": 90, "fields": {"user": 65, "phone_number": "659 385 1555", "github_user": "adodsleyc", "birth_date": "1933-04-22", "date_started": "2018-04-23", "gender": "F", "about_me": "Cupidatat commodo deserunt, short loin turducken tenderloin tongue non.  Jerky kielbasa nulla turkey et.  Fatback swine short ribs incididunt sirloin.  In shank venison esse andouille meatloaf chuck non.  Short loin excepteur id chuck cupim in eu pariatur doner consectetur labore adipisicing picanha.  Alcatra magna landjaeger sint sirloin ex.  Non shankle mollit eu pastrami porchetta qui sint, tenderloin biltong.", "race": "N", "picture_uri": "https://randomuser.me/api/portraits/women/12.jpg"}}, {"model": "employees.profile", "pk": 91, "fields": {"user": 66, "phone_number": "293 260 4199", "github_user": "seliad", "birth_date": "1916-12-27", "date_started": "2018-04-23", "gender": "M", "about_me": "Kevin short ribs occaecat, flank fatback voluptate salami.  Strip steak sausage dolore ut proident aliqua aute.  Short loin irure aliquip quis, labore enim velit.  Meatloaf short loin anim shoulder qui kevin tail labore incididunt picanha swine capicola in t-bone excepteur.  Lorem ex aute ribeye cupidatat, beef tongue swine ipsum porchetta.  Brisket leberkas corned beef drumstick ex burgdoggen jowl ball tip.", "race": "W", "picture_uri": "https://randomuser.me/api/portraits/men/13.jpg"}}, {"model": "employees.profile", "pk": 92, "fields": {"user": 67, "phone_number": "135 747 4681", "github_user": "rautone", "birth_date": "1978-12-27", "date_started": "2018-04-23", "gender": "M", "about_me": "Chicken hamburger ipsum do sint in cupim, pariatur turkey eu minim mollit in tail.  Dolore sunt cupidatat landjaeger short ribs consequat pastrami bresaola occaecat shank exercitation jowl rump.  Beef ribs tail pig est exercitation, velit nisi turkey in shankle.  Shank exercitation duis strip steak t-bone turducken, shoulder irure.  Meatloaf anim reprehenderit commodo.  Tail corned beef reprehenderit, non biltong veniam frankfurter consectetur sint nulla beef culpa.", "race": "I", "picture_uri": "https://randomuser.me/api/portraits/men/14.jpg"}}, {"model": "employees.profile", "pk": 93, "fields": {"user": 68, "phone_number": "204 245 2747", "github_user": "alilburnef", "birth_date": "1925-12-22", "date_started": "2018-04-23", "gender": "M", "about_me": "Ham hock leberkas irure ut aliqua pastrami shoulder aliquip meatball kielbasa fugiat chuck ut dolore.  Ribeye qui voluptate incididunt bresaola kevin ham hock jowl anim boudin.  Shankle in ut qui pig.  Sint ball tip tenderloin duis chuck shankle.  Pork belly tongue porchetta proident buffalo sausage culpa beef ribeye pig ut fugiat shank.", "race": "B", "picture_uri": "https://randomuser.me/api/portraits/men/15.jpg"}}, {"model": "employees.profile", "pk": 94, "fields": {"user": 69, "phone_number": "296 909 5987", "github_user": "ginottg", "birth_date": "1976-08-31", "date_started": "2018-04-23", "gender": "M", "about_me": "Brisket enim laborum jerky tri-tip.  Beef turducken pancetta venison.  Ea dolore enim ham in id.  Ipsum lorem tongue do veniam filet mignon.", "race": "W", "picture_uri": "https://randomuser.me/api/portraits/men/16.jpg"}}, {"model": "employees.profile", "pk": 95, "fields": {"user": 70, "phone_number": "390 616 3921", "github_user": "eonearyh", "birth_date": "1930-11-22", "date_started": "2018-04-23", "gender": "F", "about_me": "Eu ut elit id, turducken pork belly exercitation commodo spare ribs laborum chicken cillum aute adipisicing lorem.  Porchetta frankfurter veniam venison.  Ut short ribs ham hock shank in ball tip ex.  Tongue minim fugiat t-bone, short ribs doner id ball tip sunt in ham tenderloin excepteur boudin.", "race": "I", "picture_uri": "https://randomuser.me/api/portraits/women/17.jpg"}}, {"model": "employees.profile", "pk": 96, "fields": {"user": 71, "phone_number": "255 436 1973", "github_user": "vbucheri", "birth_date": "1951-06-21", "date_started": "2018-04-23", "gender": "F", "about_me": "Culpa dolore adipisicing tri-tip sausage beef ribs enim labore laboris velit corned beef t-bone fatback.  Dolor prosciutto laboris pancetta pork belly.  Filet mignon mollit ut sausage pancetta.  Tongue labore turducken, tempor bresaola aliqua dolore.  Chuck jowl cow nostrud.  Non turducken picanha et drumstick shank ground round tongue laboris ut pork chop cupidatat.  Shank dolore dolor dolore corned beef cupim officia deserunt filet mignon id pastrami.", "race": "W", "picture_uri": "https://randomuser.me/api/portraits/women/18.jpg"}}, {"model": "employees.profile", "pk": 97, "fields": {"user": 72, "phone_number": "882 807 4713", "github_user": "dnoyesj", "birth_date": "1952-11-29", "date_started": "2018-04-23", "gender": "M", "about_me": "Sint cillum jerky, quis ground round filet mignon ball tip est rump consectetur fatback.  Corned beef voluptate nulla dolor tongue t-bone picanha short loin meatloaf sausage excepteur kevin eiusmod bacon chicken.  Venison rump irure, aliquip nostrud ham ball tip prosciutto.  Voluptate corned beef boudin beef ribs biltong commodo proident enim eu est.  Flank filet mignon kevin consectetur, chuck cupidatat enim short loin proident buffalo laborum fatback.  Beef commodo labore, elit buffalo tenderloin tongue alcatra chuck esse spare ribs.", "race": "I", "picture_uri": "https://randomuser.me/api/portraits/men/19.jpg"}}, {"model": "employees.profile", "pk": 98, "fields": {"user": 73, "phone_number": "458 604 3349", "github_user": "zsisselk", "birth_date": "1970-02-24", "date_started": "2018-04-23", "gender": "F", "about_me": "Veniam andouille mollit pancetta duis consectetur sed do.  Consectetur prosciutto lorem elit, irure boudin aliquip capicola chuck ham t-bone.  Pastrami shankle rump, drumstick cow voluptate short loin id et aliqua magna turducken laboris.  Deserunt laborum pork ullamco cupidatat anim.  Eu bacon incididunt eiusmod, jowl landjaeger ham esse aliquip meatloaf officia.  Biltong cillum hamburger cupim tri-tip do.", "race": "B", "picture_uri": "https://randomuser.me/api/portraits/women/20.jpg"}}, {"model": "employees.profile", "pk": 99, "fields": {"user": 74, "phone_number": "272 647 8353", "github_user": "csauvenl", "birth_date": "1908-08-29", "date_started": "2018-04-23", "gender": "F", "about_me": "Doner ham hock prosciutto kevin, est ea sint chicken.  Salami short loin id, ham deserunt porchetta prosciutto mollit.  In fatback frankfurter sint porchetta ea flank lorem shoulder drumstick sirloin dolore ball tip aliqua.  Minim quis et kevin ea turkey rump proident.  Pancetta tongue shank cupim sint salami spare ribs leberkas laboris sausage rump.  Incididunt aute esse pancetta corned beef.  Laborum dolor hamburger magna pork belly rump, sunt in aute consectetur.", "race": "C", "picture_uri": "https://randomuser.me/api/portraits/women/21.jpg"}}, {"model": "employees.profile", "pk": 100, "fields": {"user": 75, "phone_number": "669 566 8287", "github_user": "araffanm", "birth_date": "1957-04-08", "date_started": "2018-04-23", "gender": "M", "about_me": "Jowl andouille meatball tri-tip flank pancetta pastrami sed sausage eu hamburger pariatur dolore sint.  Short loin duis sausage irure ball tip shoulder in exercitation corned beef dolore venison pig.  Laboris tongue beef, ball tip qui meatloaf kielbasa sirloin short ribs bresaola ut officia beef ribs.  Prosciutto filet mignon est, landjaeger pork chop flank proident magna velit ipsum fugiat ea veniam ullamco.  Meatloaf porchetta ribeye, chicken tri-tip andouille irure minim pork belly picanha enim.  Pancetta bacon ut pork chop.  Andouille flank beef ad, chicken shank ham in veniam.", "race": "I", "picture_uri": "https://randomuser.me/api/portraits/men/22.jpg"}}, {"model": "employees.profile", "pk": 101, "fields": {"user": 76, "phone_number": "592 751 5132", "github_user": "lworvelln", "birth_date": "1963-05-05", "date_started": "2018-04-23", "gender": "F", "about_me": "Short ribs exercitation nostrud in reprehenderit nisi, tail ribeye cupidatat frankfurter enim prosciutto nulla.  Pork loin cillum minim consectetur.  Biltong excepteur hamburger sed, in labore capicola ut tempor pastrami pork belly cupim veniam.  Ut buffalo incididunt, bacon reprehenderit biltong officia drumstick nulla sausage cupidatat.  Swine irure et, sint dolore rump exercitation nisi shoulder jerky pork belly filet mignon in.", "race": "W", "picture_uri": "https://randomuser.me/api/portraits/women/23.jpg"}}, {"model": "employees.profile", "pk": 102, "fields": {"user": 77, "phone_number": "302 595 9881", "github_user": "rrubinfeldo", "birth_date": "1968-07-12", "date_started": "2018-04-23", "gender": "F", "about_me": "Lorem veniam ham, duis bacon pork shank cillum filet mignon officia id dolore spare ribs short ribs corned beef.  Adipisicing jerky duis pig landjaeger frankfurter beef ad turducken.  Pastrami pork belly sirloin, biltong brisket buffalo prosciutto minim kielbasa sunt consequat doner duis pork.  Kevin pork belly ex exercitation eiusmod shoulder turducken, in beef occaecat ut jerky pig.  Sirloin pork chop chicken chuck.", "race": "I", "picture_uri": "https://randomuser.me/api/portraits/women/24.jpg"}}, {"model": "employees.profile", "pk": 103, "fields": {"user": 78, "phone_number": "0111234567", "github_user": "tangent.admin", "birth_date": "1986-02-18", "date_started": "2018-04-23", "gender": "F", "about_me": "Lorem ipsum dolor sit amet, consectetur adipiscing elit, sed do eiusmod tempor incididunt ut labore et dolore magna aliqua. Ut enim ad minim veniam, quis nostrud exercitation ullamco laboris nisi ut aliquip ex ea commodo consequat. Duis aute irure dolor in reprehenderit in voluptate velit esse cillum dolore eu fugiat nulla pariatur. Excepteur sint occaecat cupidatat non proident, sunt in culpa qui officia deserunt mollit anim id est laborum.", "race": "I", "picture_uri": "https://randomuser.me/api/portraits/women/50.jpg"}}, {"model": "employees.positionhistory", "pk": 1, "fields": {"profile": 78, "position": 6, "date_started": "2018-04-23", "reviews": []}}, {"model": "employees.positionhistory", "pk": 2, "fields": {"profile": 78, "position": 2, "date_started": "2018-04-23", "reviews": []}}, {"model": "employees.positionhistory", "pk": 3, "fields": {"profile": 78, "position": 5, "date_started": "2018-04-23", "reviews": []}}, {"model": "employees.positionhistory", "pk": 4, "fields": {"profile": 78, "position": 3, "date_started": "2018-04-23", "reviews": []}}, {"model": "employees.positionhistory", "pk": 5, "fields": {"profile": 78, "position": 4, "date_started": "2018-04-23", "reviews": []}}, {"model": "employees.positionhistory", "pk": 6, "fields": {"profile": 79, "position": 2, "date_started": "2018-04-23", "reviews": []}}, {"model": "employees.positionhistory", "pk": 7, "fields": {"profile": 79, "position": 4, "date_started": "2018-04-23", "reviews": []}}, {"model": "employees.positionhistory", "pk": 8, "fields": {"profile": 80, "position": 1, "date_started": "2018-04-23", "reviews": []}}, {"model": "employees.positionhistory", "pk": 9, "fields": {"profile": 81, "position": 5, "date_started": "2018-04-23", "reviews": []}}, {"model": "employees.positionhistory", "pk": 10, "fields": {"profile": 81, "position": 3, "date_started": "2018-04-23", "reviews": []}}, {"model": "employees.positionhistory", "pk": 11, "fields": {"profile": 82, "position": 6, "date_started": "2018-04-23", "reviews": []}}, {"model": "employees.positionhistory", "pk": 12, "fields": {"profile": 82, "position": 4, "date_started": "2018-04-23", "reviews": []}}, {"model": "employees.positionhistory", "pk": 13, "fields": {"profile": 82, "position": 5, "date_started": "2018-04-23", "reviews": []}}, {"model": "employees.positionhistory", "pk": 14, "fields": {"profile": 83, "position": 2, "date_started": "2018-04-23", "reviews": []}}, {"model": "employees.positionhistory", "pk": 15, "fields": {"profile": 83, "position": 1, "date_started": "2018-04-23", "reviews": []}}, {"model": "employees.positionhistory", "pk": 16, "fields": {"profile": 83, "position": 3, "date_started": "2018-04-23", "reviews": []}}, {"model": "employees.positionhistory", "pk": 17, "fields": {"profile": 84, "position": 3, "date_started": "2018-04-23", "reviews": []}}, {"model": "employees.positionhistory", "pk": 18, "fields": {"profile": 85, "position": 1, "date_started": "2018-04-23", "reviews": []}}, {"model": "employees.positionhistory", "pk": 19, "fields": {"profile": 86, "position": 2, "date_started": "2018-04-23", "reviews": []}}, {"model": "employees.positionhistory", "pk": 20, "fields": {"profile": 86, "position": 1, "date_started": "2018-04-23", "reviews": []}}, {"model": "employees.positionhistory", "pk": 21, "fields": {"profile": 87, "position": 4, "date_started": "2018-04-23", "reviews": []}}, {"model": "employees.positionhistory", "pk": 22, "fields": {"profile": 87, "position": 5, "date_started": "2018-04-23", "reviews": []}}, {"model": "employees.positionhistory", "pk": 23, "fields": {"profile": 87, "position": 2, "date_started": "2018-04-23", "reviews": []}}, {"model": "employees.positionhistory", "pk": 24, "fields": {"profile": 87, "position": 3, "date_started": "2018-04-23", "reviews": []}}, {"model": "employees.positionhistory", "pk": 25, "fields": {"profile": 88, "position": 3, "date_started": "2018-04-23", "reviews": []}}, {"model": "employees.positionhistory", "pk": 26, "fields": {"profile": 88, "position": 1, "date_started": "2018-04-23", "reviews": []}}, {"model": "employees.positionhistory", "pk": 27, "fields": {"profile": 89, "position": 4, "date_started": "2018-04-23", "reviews": []}}, {"model": "employees.positionhistory", "pk": 28, "fields": {"profile": 89, "position": 3, "date_started": "2018-04-23", "reviews": []}}, {"model": "employees.positionhistory", "pk": 29, "fields": {"profile": 89, "position": 3, "date_started": "2018-04-23", "reviews": []}}, {"model": "employees.positionhistory", "pk": 30, "fields": {"profile": 90, "position": 6, "date_started": "2018-04-23", "reviews": []}}, {"model": "employees.positionhistory", "pk": 31, "fields": {"profile": 90, "position": 6, "date_started": "2018-04-23", "reviews": []}}, {"model": "employees.positionhistory", "pk": 32, "fields": {"profile": 90, "position": 6, "date_started": "2018-04-23", "reviews": []}}, {"model": "employees.positionhistory", "pk": 33, "fields": {"profile": 91, "position": 6, "date_started": "2018-04-23", "reviews": []}}, {"model": "employees.positionhistory", "pk": 34, "fields": {"profile": 92, "position": 1, "date_started": "2018-04-23", "reviews": []}}, {"model": "employees.positionhistory", "pk": 35, "fields": {"profile": 92, "position": 6, "date_started": "2018-04-23", "reviews": []}}, {"model": "employees.positionhistory", "pk": 36, "fields": {"profile": 92, "position": 4, "date_started": "2018-04-23", "reviews": []}}, {"model": "employees.positionhistory", "pk": 37, "fields": {"profile": 92, "position": 3, "date_started": "2018-04-23", "reviews": []}}, {"model": "employees.positionhistory", "pk": 38, "fields": {"profile": 93, "position": 5, "date_started": "2018-04-23", "reviews": []}}, {"model": "employees.positionhistory", "pk": 39, "fields": {"profile": 93, "position": 3, "date_started": "2018-04-23", "reviews": []}}, {"model": "employees.positionhistory", "pk": 40, "fields": {"profile": 93, "position": 1, "date_started": "2018-04-23", "reviews": []}}, {"model": "employees.positionhistory", "pk": 41, "fields": {"profile": 93, "position": 2, "date_started": "2018-04-23", "reviews": []}}, {"model": "employees.positionhistory", "pk": 42, "fields": {"profile": 93, "position": 2, "date_started": "2018-04-23", "reviews": []}}, {"model": "employees.positionhistory", "pk": 43, "fields": {"profile": 94, "position": 2, "date_started": "2018-04-23", "reviews": []}}, {"model": "employees.positionhistory", "pk": 44, "fields": {"profile": 95, "position": 3, "date_started": "2018-04-23", "reviews": []}}, {"model": "employees.positionhistory", "pk": 45, "fields": {"profile": 96, "position": 6, "date_started": "2018-04-23", "reviews": []}}, {"model": "employees.positionhistory", "pk": 46, "fields": {"profile": 96, "position": 6, "date_started": "2018-04-23", "reviews": []}}, {"model": "employees.positionhistory", "pk": 47, "fields": {"profile": 97, "position": 2, "date_started": "2018-04-23", "reviews": []}}, {"model": "employees.positionhistory", "pk": 48, "fields": {"profile": 98, "position": 5, "date_started": "2018-04-23", "reviews": []}}, {"model": "employees.positionhistory", "pk": 49, "fields": {"profile": 98, "position": 2, "date_started": "2018-04-23", "reviews": []}}, {"model": "employees.positionhistory", "pk": 50, "fields": {"profile": 98, "position": 5, "date_started": "2018-04-23", "reviews": []}}, {"model": "employees.positionhistory", "pk": 51, "fields": {"profile": 98, "position": 4, "date_started": "2018-04-23", "reviews": []}}, {"model": "employees.positionhistory", "pk": 52, "fields": {"profile": 99, "position": 3, "date_started": "2018-04-23", "reviews": []}}, {"model": "employees.positionhistory", "pk": 53, "fields": {"profile": 100, "position": 1, "date_started": "2018-04-23", "reviews": []}}, {"model": "employees.positionhistory", "pk": 54, "fields": {"profile": 101, "position": 2, "date_started": "2018-04-23", "reviews": []}}, {"model": "employees.positionhistory", "pk": 55, "fields": {"profile": 101, "position": 1, "date_started": "2018-04-23", "reviews": []}}, {"model": "employees.positionhistory", "pk": 56, "fields": {"profile": 101, "position": 1, "date_started": "2018-04-23", "reviews": []}}, {"model": "employees.positionhistory", "pk": 57, "fields": {"profile": 101, "position": 2, "date_started": "2018-04-23", "reviews": []}}, {"model": "employees.positionhistory", "pk": 58, "fields": {"profile": 102, "position": 1, "date_started": "2018-04-23", "reviews": []}}, {"model": "employees.positionhistory", "pk": 59, "fields": {"profile": 102, "position": 4, "date_started": "2018-04-23", "reviews": []}}, {"model": "employees.positionhistory", "pk": 60, "fields": {"profile": 103, "position": 5, "date_started": "2018-04-23", "reviews": []}}]